{
  "home": {
    "bannerInfo": {
      "imageUrl": "/images/ind1.jpg",
      "title": "打卡广东红",
      "subtitle": ""
    },
    "menuItems": [
      {
        "id": 1,
        "name": "影像记忆",
        "iconUrl": "/images/yxjy.png"
      },
      {
        "id": 2,
        "name": "打卡线路",
        "iconUrl": "/images/dkxl.png"
      },
      {
        "id": 3,
        "name": "线下展览",
        "iconUrl": "/images/xxzl.png"
      },
      {
        "id": 4,
        "name": "场馆推介",
        "iconUrl": "/images/cgtj.png"
      },
      {
        "id": 5,
        "name": "党史故事",
        "iconUrl": "/images/dsgs.jpg"
      },
      {
        "id": 6,
        "name": "红色文物",
        "iconUrl": "/images/hsww.png"
      },
      {
        "id": 7,
        "name": "网上展馆",
        "iconUrl": "/images/wszg.jpg"
      },
      {
        "id": 8,
        "name": "积分兑换",
        "iconUrl": "/images/jfdh.jpg"
      }
    ],
    "recommendItems": [
      {
        "id": 101,
        "title": "初心印记 红色记忆",
        "imageUrl": "/images/hsyj.jpg"
      },
      {
        "id": 102,
        "title": "红色大讲堂",
        "imageUrl": "/images/hsdjt.jpg"
      }
    ]
  },
  "map": {
    "userStats": {
      "points": 7,
      "vrCheckins": 0,
      "realCheckins": 0
    }
  },
  "quiz": {
    "quizStats": {
      "todayCount": 0,
      "totalCount": 0,
      "correctCount": 0
    },
    "ranking": [
      {
        "id": 1,
        "name": "微信用户",
        "avatarUrl": "/images/default_avatar.png",
        "score": 99
      }
    ]
  },
  "quiz-rules": {
    "rules": "1. 每日可参与一次红色知识答题，每次10道题目\n2. 答对每题可获得10积分\n3. 累计积分可提升排名\n4. 每周一重置排行榜\n5. 排名前10的用户可获得红色文化礼品"
  },
  "quiz-user-ranking": {
    "userId": "3465000",
    "username": "微信用户",
    "rank": 42,
    "score": 320,
    "totalUsers": 1024,
    "rankingTrend": "up",
    "dailyScore": 30,
    "weeklyScore": 150
  },
  "user": {
    "userInfo": {
      "avatarUrl": "",
      "nickName": "微信用户",
      "level": "LV1 一鸣惊人",
      "id": "3465000"
    },
    "userStats": {
      "vrCheckins": 0,
      "realCheckins": 0,
      "quizCount": 0
    }
  },
  "locations": [
    {
      "id": 1,
      "name": "松源镇金星村红色村",
      "imageUrl": "/images/spot1.jpg",
      "description": "松源镇金星村红色村是广东省重要的红色旅游景点，具有深厚的革命历史底蕴。",
      "address": "广东省某市松源镇金星村",
      "openingHours": "全天开放",
      "phone": "020-12345678"
    },
    {
      "id": 2,
      "name": "仁居村红色村",
      "imageUrl": "/images/spot2.jpg",
      "description": "仁居村红色村是革命老区，见证了中国共产党在广东的早期革命活动。",
      "address": "广东省某市仁居村",
      "openingHours": "全天开放",
      "phone": "020-87654321"
    },
    {
      "id": 3,
      "name": "乌迳古道",
      "imageUrl": "/images/spot3.jpg",
      "description": "乌迳古道是一条具有历史意义的革命古道，曾是红军长征途中的重要通道。",
      "address": "广东省某市乌迳镇",
      "openingHours": "全天开放",
      "phone": "020-12345678"
    },
    {
      "id": 4,
      "name": "茶阳镇太宁村红色村",
      "imageUrl": "/images/spot4.jpg",
      "description": "茶阳镇太宁村红色村是重要的革命根据地，是广东红色文化的重要遗址。",
      "address": "广东省某市茶阳镇太宁村",
      "openingHours": "全天开放",
      "phone": "020-87654321"
    },
    {
      "id": 5,
      "name": "八乡山镇滩良村红色村",
      "imageUrl": "/images/spot5.jpg",
      "description": "八乡山镇滩良村红色村是广东革命历史上的重要地点，有着丰富的红色资源。",
      "address": "广东省某市八乡山镇滩良村",
      "openingHours": "全天开放",
      "phone": "020-12345678",
      "distance": "1960.5km"
    },
    {
      "id": 6,
      "name": "梅关古道",
      "imageUrl": "/images/spot6.jpg",
      "description": "梅关古道是历史上著名的古道，也是重要的红色旅游景点。",
      "address": "广东省某市梅关镇",
      "openingHours": "全天开放",
      "phone": "020-87654321",
      "distance": "1962.1km"
    }
  ],
  "location": [
    {
      "id": 1,
      "name": "松源镇金星村红色村",
      "imageUrl": "/images/spot1.jpg",
      "description": "松源镇金星村红色村是广东省重要的红色旅游景点，具有深厚的革命历史底蕴。",
      "address": "广东省某市松源镇金星村",
      "openingHours": "全天开放",
      "phone": "020-12345678"
    },
    {
      "id": 2,
      "name": "仁居村红色村",
      "imageUrl": "/images/spot2.jpg",
      "description": "仁居村红色村是革命老区，见证了中国共产党在广东的早期革命活动。",
      "address": "广东省某市仁居村",
      "openingHours": "全天开放",
      "phone": "020-87654321"
    },
    {
      "id": 3,
      "name": "乌迳古道",
      "imageUrl": "/images/spot3.jpg",
      "description": "乌迳古道是一条具有历史意义的革命古道，曾是红军长征途中的重要通道。",
      "address": "广东省某市乌迳镇",
      "openingHours": "全天开放",
      "phone": "020-12345678"
    },
    {
      "id": 4,
      "name": "茶阳镇太宁村红色村",
      "imageUrl": "/images/spot4.jpg",
      "description": "茶阳镇太宁村红色村是重要的革命根据地，是广东红色文化的重要遗址。",
      "address": "广东省某市茶阳镇太宁村",
      "openingHours": "全天开放",
      "phone": "020-87654321"
    },
    {
      "id": 5,
      "name": "八乡山镇滩良村红色村",
      "imageUrl": "/images/spot5.jpg",
      "description": "八乡山镇滩良村红色村是广东革命历史上的重要地点，有着丰富的红色资源。",
      "address": "广东省某市八乡山镇滩良村",
      "openingHours": "全天开放",
      "phone": "020-12345678",
      "distance": "1960.5km"
    },
    {
      "id": 6,
      "name": "梅关古道",
      "imageUrl": "/images/spot6.jpg",
      "description": "梅关古道是历史上著名的古道，也是重要的红色旅游景点。",
      "address": "广东省某市梅关镇",
      "openingHours": "全天开放",
      "phone": "020-87654321",
      "distance": "1962.1km"
    }
  ]
}